"","word","month","freq","tf","idf","tf_idf"
"1","ra","2023-05",18,0.00234375,3.58351893845611,0.00839887251200651
"2","petition","2023-04",25,0.00138220821584563,3.58351893845611,0.00495316931837246
"3","eid","2023-03",7,0.00158371040723982,3.58351893845611,0.00567525623737393
"4","iaa","2023-02",10,0.00251572327044025,1.97408102602201,0.00496624157489814
"5","buyout","2023-01",12,0.00198609731876862,2.89037175789616,0.00574055959860211
"6","chartered","2022-12",14,0.00157285698236153,1.6376087894008,0.00257572441878566
"7","chartered","2022-11",25,0.00773754255648406,1.6376087894008,0.012671067698861
"8","gilt","2022-10",12,0.00270087778528022,2.484906649788,0.0067114291689075
"9","funeral","2022-09",16,0.00123181153283548,2.484906649788,0.00306093666922842
"10","hymans","2022-08",11,0.003511011809767,3.58351893845611,0.0125817773134431
"11","phase","2022-07",16,0.00181323662737987,1.38629436111989,0.00251367971191277
"12","esg","2022-06",25,0.00512085210979107,1.28093384546206,0.0065594727850372
