"","word","month","freq","tf","idf","tf_idf"
"1","ra","2023-05",18,0.00188363331938049,3.49650756146648,0.0065861381442441
"2","petition","2023-04",25,0.00116691560866318,3.49650756146648,0.00408012924928407
"3","eid","2023-03",7,0.00124113475177305,3.49650756146648,0.00433963704437329
"4","iaa","2023-02",10,0.0022237046920169,2.11021320034659,0.00469249099476671
"5","buyout","2023-01",12,0.00171845911499356,2.80336038090653,0.00481746019918064
"6","fiduciary","2022-12",7,0.000665905631659056,3.49650756146648,0.002328344076319
"7","chartered","2022-11",25,0.00658935160780179,1.55059741241117,0.0102174315525248
"8","faang","2022-10",11,0.00188227241615332,3.49650756146648,0.00658137973581986
"9","funeral","2022-09",16,0.000999625140572285,2.39789527279837,0.00239699639914869
"10","hymans","2022-08",11,0.00225641025641026,3.49650756146648,0.00788955552330898
"11","phase","2022-07",16,0.00158055912278969,1.88706964903238,0.00298262514911766
"12","query","2022-06",25,0.0038633905115129,1.70474809223843,0.00658610760407366
